id	class	rank	cites
data/lang/cpp/cppmorloc.cpp::-::mlc_frame_	thread		
data/lang/cpp/cppmorloc.hpp::recur_env::stack	thread		
data/lang/cpp/mlc_rec.hpp::-::q	thread		
data/lang/cpp/pool.cpp::-::_shm_tracker_store	thread		
data/lang/py/pymorloc.c::-::shm_view_ctx	thread		
data/lang/py/pymorloc.c::-::shm_tracker	thread		
data/lang/py/pymorloc.c::-::shm_tracker_count	thread		
data/lang/py/pymorloc.c::-::shm_tracker_cap	thread		
data/lang/py/pymorloc.c::-::shm_tracker_gen	thread		
data/lang/py/pymorloc.c::-::PyMorlocException	startup		
data/lang/py/pymorloc.c::-::PyMorlocInternalError	startup		
data/lang/py/pymorloc.c::-::PyMorlocPipeClosed	startup		
data/lang/py/pymorloc.c::-::recur_env_stack	thread		
data/lang/py/pymorloc.c::-::recur_env_depth	thread		
data/lang/py/pymorloc.c::-::recur_env_cap	thread		
data/lang/py/pymorloc.c::-::Methods	startup		
data/lang/py/pymorloc.c::-::pymorloc	startup		
data/lang/r/rmorloc.c::-::shm_tracker	fork-scoped		
data/lang/r/rmorloc.c::-::shm_tracker_count	fork-scoped		
data/lang/r/rmorloc.c::-::shm_tracker_cap	fork-scoped		
data/lang/r/rmorloc.c::-::shm_tracker_gen	fork-scoped		
data/lang/r/rmorloc.c::-::recur_env_stack	thread		
data/lang/r/rmorloc.c::-::recur_env_depth	thread		
data/lang/r/rmorloc.c::-::recur_env_cap	thread		
data/lang/r/rmorloc.c::-::r_pipe_closed	thread		
data/lang/r/rmorloc.c::-::r_frames	thread		
data/lang/r/rmorloc.c::-::r_frames_cap	thread		
data/lang/r/rmorloc.c::-::daemon_creator_generation	fork-scoped		
data/lang/r/rmorloc.c::-::r_shutting_down	thread		
data/lang/r/rmorloc.c::mlc_trace_ipc::cached	thread		
data/lang/r/rmorloc.c::run_job_c::budget	thread		
data/lang/r/rmorloc.c::run_job_c::budget_read	thread		
data/lang/r/rmorloc.c::morloc_wait_wakeup::lifeline_ended	fork-scoped		
data/lang/py/pool.py::-::stop	unreachable		
data/lang/py/pool.py::-::job_q	unreachable		
data/lang/py/pool.py::-::sched	unreachable		
library/Morloc/CodeGenerator/Guest/Futhark.hs::-::m	reset		FORK-8
library/Morloc/CodeGenerator/Guest/Futhark.hs::-::c	lazy		FORK-8
library/Morloc/CodeGenerator/Pools/CAbi/Members/RustPrinter.hs::-::SCHEMA_STRS	startup		
library/Morloc/CodeGenerator/Pools/CAbi/Members/RustPrinter.hs::-::SCHEMA_TABLE	startup		
morloc-runtime/arrow_ffi.rs::stats_enabled::FLAG	lazy		
morloc-runtime/arrow_shm.rs::-::COPIED_BYTES	counter		
morloc-runtime/arrow_shm.rs::-::LIVE_VIEW_BYTES	counter		
morloc-runtime/arrow_shm.rs::-::BORROWABLE	held	4	
morloc-runtime/arrow_shm.rs::borrowing_disabled::FLAG	lazy		
morloc-runtime/arrow_shm.rs::-::VIEW_COUNT	counter		
morloc-runtime/lease.rs::-::CREATED	counter		
morloc-runtime/lease.rs::-::SEQ	counter		
morloc-runtime/lease.rs::-::LAST_RECLAIM_MS	counter		
morloc-runtime/lease.rs::-::FORKED	counter		
morloc-runtime/cache.rs::pool_hash::CACHED	lazy		
morloc-runtime/cache.rs::cache_base::CACHED	lazy		
morloc-runtime/cache.rs::-::CACHE_HITS	counter		
morloc-runtime/cache.rs::-::CACHE_MISSES	counter		
morloc-runtime/cache.rs::-::CACHE_STORES	counter		
morloc-runtime/cache.rs::read_cache_compression_level::CACHED	lazy		
morloc-runtime/cell.rs::-::TAG	fork-scoped		
morloc-runtime/cell.rs::-::CELL_REGISTRY	reset		
morloc-runtime/cli.rs::-::STDIN_CLAIMED	counter		
morloc-runtime/cli.rs::-::SPOOLED	reset		
morloc-runtime/crash.rs::-::LANG	startup		
morloc-runtime/crash.rs::-::FRAME_FN	startup		
morloc-runtime/crash.rs::-::PENDING	counter		
morloc-runtime/daemon_ffi.rs::-::ENDPOINTS	startup		
morloc-runtime/daemon_ffi.rs::-::SHUTDOWN_REQUESTED	counter		
morloc-runtime/daemon_ffi.rs::-::SHUTDOWN_ESCALATED	counter		
morloc-runtime/daemon_ffi.rs::-::POOLS_STOPPED	counter		
morloc-runtime/daemon_ffi.rs::-::EXIT_CLAIMED	counter		
morloc-runtime/daemon_ffi.rs::-::G_EVAL_TIMEOUT	startup		
morloc-runtime/daemon_ffi.rs::-::G_DAEMON_OUTPUT_PACKET	startup		
morloc-runtime/daemon_ffi.rs::-::G_DAEMON_COMPRESSION	startup		
morloc-runtime/daemon_ffi.rs::-::CURRENT_OUTPUT_PACKET	thread		
morloc-runtime/daemon_ffi.rs::-::CURRENT_OUTPUT_HTTP	thread		
morloc-runtime/daemon_ffi.rs::-::CURRENT_OUTPUT_MEDIA_BYTES	thread		
morloc-runtime/daemon_ffi.rs::-::G_EVAL_SANDBOX	startup		
morloc-runtime/daemon_ffi.rs::-::G_EVAL_ALLOWED	exec-only		
morloc-runtime/daemon_ffi.rs::-::RECOVERY_IN_PROGRESS	counter		
morloc-runtime/daemon_ffi.rs::-::REQUESTS_IN_FLIGHT	exec-only		
morloc-runtime/daemon_ffi.rs::-::REQUESTS_DRAINED	exec-only		
morloc-runtime/daemon_ffi.rs::-::POOL_STATUS	exec-only		
morloc-runtime/daemon_ffi.rs::-::BINDING_STORE	exec-only		
morloc-runtime/daemon_ffi.rs::-::BINDING_FINISHED	exec-only		
morloc-runtime/daemon_ffi.rs::-::REAPED_PID	counter		
morloc-runtime/daemon_ffi.rs::-::REAPED_STATUS	counter		
morloc-runtime/daemon_ffi.rs::-::REAPED_SEQ	counter		
morloc-runtime/daemon_ffi.rs::-::REAPED_NEXT	counter		
morloc-runtime/daemon_ffi.rs::-::WorkerContext.queue	exec-only		
morloc-runtime/daemon_ffi.rs::-::WorkerContext.cond	exec-only		
morloc-runtime/daemon_ffi.rs::-::EVAL_CHILDREN	exec-only		
morloc-runtime/daemon_ffi.rs::-::WORKER_PANICKED	counter		
morloc-runtime/daemon_ffi.rs::-::REPLY_IS_PACKET	thread		
morloc-runtime/daemon_ffi.rs::-::REPLY_STARTED	thread		
morloc-runtime/debug.rs::-::FRAMES	thread		
morloc-runtime/debug.rs::-::DUMPED_COUNT	thread		
morloc-runtime/debug.rs::-::MIDX_COUNTERS	thread		
morloc-runtime/debug.rs::-::CACHE_DEPTH	lazy		
morloc-runtime/debug.rs::-::CACHE_MAX	lazy		
morloc-runtime/debug.rs::-::RECURSION_CAP	lazy		
morloc-runtime/debug.rs::-::OVERFLOW_REPORTED	counter		
morloc-runtime/eval_arena.rs::-::ARENA	thread		
morloc-runtime/eval_arena.rs::-::TEARDOWN_PROBE	test-only		
morloc-runtime/fork_policy.rs::-::HELD_RANKS	thread		
morloc-runtime/fork_policy.rs::-::RESETS_HELD	thread		
morloc-runtime/fork_policy.rs::-::Held.mutex	instance		
morloc-runtime/fork_policy.rs::-::FORK_HELD	fork-scoped		
morloc-runtime/fork_policy.rs::-::ResetBox.mutex	instance		
morloc-runtime/fork_policy.rs::-::INHERITED_DISPATCHES	fork-scoped		
morloc-runtime/fork_policy.rs::-::PROBE	test-only		
morloc-runtime/intrinsics.rs::-::TEMP_REGISTRY	reset		
morloc-runtime/intrinsics.rs::-::TEMP_OWNER_COUNTER	counter		
morloc-runtime/intrinsics.rs::-::CURRENT_TEMP_OWNER	thread		
morloc-runtime/intrinsics.rs::-::IN_FLIGHT	counter		
morloc-runtime/intrinsics.rs::temp_root::PRIVATE	lazy		
morloc-runtime/ipc_ffi.rs::-::PING_PEEK_ACTIVE	counter		
morloc-runtime/ipc_ffi.rs::trace_close_enabled::T	lazy		
morloc-runtime/ipc_ffi.rs::-::SELF_SOCKET	held	13	
morloc-runtime/ipc_ffi.rs::-::REQUEST	thread		
morloc-runtime/ipc_ffi.rs::forbid_self_call::FORBID	lazy		
morloc-runtime/ipc_ffi.rs::-::HELD	test-only		
morloc-runtime/ipc_ffi.rs::-::PEER	test-only		
morloc-runtime/ipc_ffi.rs::-::SEEN_COUNT	test-only		
morloc-runtime/ipc_ffi.rs::-::PEER_HAD_DATA	test-only		
morloc-runtime/lib.rs::-::TestArenaLock.state	test-only		
morloc-runtime/lib.rs::-::TestArenaLock.turn	test-only		
morloc-runtime/lib.rs::ensure_test_arena::INIT	test-only		
morloc-runtime/lib.rs::ensure_test_arena::SWEPT	test-only		
morloc-runtime/lib.rs::ensure_test_arena::AT_EXIT	test-only		
morloc-runtime/lifeline.rs::-::OWN	lazy		
morloc-runtime/lifeline.rs::-::ADOPTED	lazy		
morloc-runtime/lifeline.rs::guard::WATCHING	lazy		
morloc-runtime/lifeline.rs::morloc_lifeline_child_env::ENTRY	lazy		
morloc-runtime/log.rs::-::CALL_COUNTER	counter		
morloc-runtime/log.rs::color_enabled::CACHED	lazy		
morloc-runtime/log.rs::quiet::CACHED	lazy		
morloc-runtime/log.rs::trace_enabled::CACHED	lazy		
morloc-runtime/log.rs::-::BENCH_FILE	held	14	
morloc-runtime/manifest_ffi.rs::-::NAMED_FUNCTIONS	thread		
morloc-runtime/packet.rs::-::INLINE_THRESHOLD	startup		
morloc-runtime/packet.rs::-::SHM_ENABLED	startup		
morloc-runtime/packet.rs::-::TEST_CONFIG_LOCK	test-only		
morloc-runtime/packet.rs::-::TMPDIR	held	12	
morloc-runtime/packet.rs::-::CONFIG_LOADED	counter		
morloc-runtime/packet_ffi.rs::make_file_data_packet_voidstar::SEQ	counter		
morloc-runtime/pool_ffi.rs::-::SHUTTING_DOWN	counter		
morloc-runtime/pool_ffi.rs::-::BUSY_COUNT	counter		
morloc-runtime/pool_ffi.rs::-::JobQueue.state	unreachable		
morloc-runtime/pool_ffi.rs::-::JobQueue.cond	unreachable		
morloc-runtime/run.rs::-::RUN	lazy		
morloc-runtime/run.rs::-::TEE_HANDLES	held	15	
morloc-runtime/run.rs::-::RUN_TEE_HANDLE	held	16	
morloc-runtime/run.rs::-::RUN_COMMAND	held	17	
morloc-runtime/run.rs::-::RUN_ERROR	held	18	
morloc-runtime/run.rs::-::CONTEXT	lazy		
morloc-runtime/shm.rs::page_size::CACHED	lazy		
morloc-runtime/shm.rs::-::CURRENT_VOLUME	counter		
morloc-runtime/shm.rs::-::VOLUMES	held	6	FORK-10
morloc-runtime/shm.rs::-::MORLOC_VOL_TABLE	counter		
morloc-runtime/shm.rs::-::ALLOC_MUTEX	held	5	FORK-10
morloc-runtime/shm.rs::-::RNG_STATE	thread		
morloc-runtime/shm.rs::-::COMMON_BASENAME	held	9	
morloc-runtime/shm.rs::-::FALLBACK_DIR	held	10	
morloc-runtime/shm.rs::-::ATEXIT_REGISTERED	counter		
morloc-runtime/shm.rs::-::SHCLOSE_HOOKS	held	11	
morloc-runtime/shm.rs::-::OWNER_GENERATION	startup		
morloc-runtime/shm.rs::-::POISON	startup		
morloc-runtime/shm.rs::-::HELD_REFERENCES	fork-scoped		
morloc-runtime/shm_companion.rs::-::MORLOC_COMPANION_NAMES	startup		
morloc-runtime/shm_companion.rs::-::COMPANION_TOTAL_BYTES	counter		
morloc-runtime/shm_stats.rs::-::COUNTERS	startup		
morloc-runtime/shm_stats.rs::-::SEGMENT	held	8	
morloc-runtime/stream.rs::-::REGISTRY_BASE	lazy		
morloc-runtime/stream.rs::-::REGISTRY_SLOT_COUNT	lazy		
morloc-runtime/stream.rs::-::REGISTRY_SEGMENT	held	7	
morloc-runtime/stream.rs::-::BOOTSTRAP_GAP_HOOK	test-only		
morloc-runtime/stream.rs::first_uses_on_two_threads_build_one_registry::AT_GAP	test-only		
morloc-runtime/stream.rs::first_uses_on_two_threads_build_one_registry::RESUME	test-only		
morloc-runtime/stream.rs::stdout_staged::STAGED	lazy		
morloc-runtime/stream.rs::-::PROCESS_LOCAL_SLOTS	held	2	
morloc-runtime/stream.rs::-::PROCESS_LOCAL_RETURNED	paired		
morloc-runtime/stream.rs::-::LOCKED_FDS	held	3	
morloc-runtime/stream.rs::slot_probe_seed::SEED	counter		
morloc-runtime/stream.rs::-::RELEASE_PASS	held	1	FORK-10
morloc-runtime/stream.rs::-::RELEASE_SERVICE	reset		
morloc-runtime/stream.rs::-::BEFORE_STREAM_LOCK	test-only		
morloc-runtime/stream.rs::-::CURRENT_CALL_ID	thread		
morloc-runtime/stream.rs::-::STDIO_SOCK	thread		
morloc-runtime/stream.rs::-::DRAIN_GAP_HOOK	test-only		
morloc-runtime/stream.rs::-::SWEEPER	reset		
morloc-runtime/stream.rs::-::SWEEPER_WANTED	counter		
morloc-runtime/stream.rs::generate_call_id::FALLBACK_COUNTER	counter		
morloc-runtime/stream.rs::a_forked_child_leaves_its_parents_cached_reads_alone::HANDLE	test-only		
morloc-runtime/stream.rs::channel_depth::DEPTH	lazy		
morloc-runtime/stream.rs::a_batch_sealed_while_a_drain_finishes_is_still_drained::TARGET	test-only		
morloc-runtime/utility.rs::create_beside::SEQ	counter		
morloc-runtime/write_behind.rs::-::Job.input	instance		
morloc-runtime/write_behind.rs::-::Job.result	instance		
morloc-runtime/write_behind.rs::-::Job.done	instance		
morloc-runtime/write_behind.rs::-::Service.queue	instance		
morloc-runtime/write_behind.rs::-::Service.ready	instance		
morloc-runtime/write_behind.rs::-::SERVICE	reset		
morloc-runtime/write_behind.rs::-::SEALED	reset		
morloc-runtime/write_behind.rs::-::THREAD_SEALED	thread		
morloc-runtime-types/compression.rs::frame_workers::CACHED	lazy		
morloc-runtime-types/owner_word.rs::-::HELD	thread		
morloc-runtime-types/panic.rs::-::IN_SCOPE	thread		
morloc-runtime-types/panic.rs::-::UNWINDING	thread		
morloc-runtime-types/panic.rs::-::FATAL	thread		
morloc-runtime-types/process.rs::token::CACHED	fork-scoped		
morloc-runtime-types/process.rs::token::CACHED_GENERATION	fork-scoped		
morloc-runtime-types/fork_generation.rs::-::GENERATION	counter		
rustmorloc/lib.rs::-::CSCHEMA_CACHE	thread		
rustmorloc/lib.rs::-::LIVE_CSCHEMAS	test-only		
rustmorloc/lib.rs::-::TEST_BASE	thread		
rustmorloc/lib.rs::-::READING_RUNTIME_VALUE	thread		
rustmorloc/lib.rs::-::REPLY	thread		
rustmorloc/lib.rs::-::RECUR_ENV	thread		
rustmorloc/lib.rs::-::SHM_TRACKER	thread		
rustmorloc/lib.rs::-::TRACEBACK	thread		
rustmorloc/lib.rs::-::CURRENT_FRAME	thread		
rustmorloc/lib.rs::-::ACTIVE	thread		
rustmorloc/lib.rs::-::QUEUE	thread		
rustmorloc/lib.rs::-::TMPDIR	startup		
rustmorloc/lib.rs::-::REGISTERED	startup		
morloc-nexus/main.rs::-::FRONTEND_ROUTER	exec-only		
morloc-nexus/mcp.rs::new_session_id::CTR	exec-only		
morloc-nexus/mcp.rs::-::Frontend.locks	exec-only		
morloc-nexus/mcp.rs::-::Frontend.sessions	exec-only		
morloc-nexus/mcp.rs::-::FRONTEND_EVALS	exec-only		
morloc-nexus/parse_arg.rs::-::NEXUS_READS_STDIN	exec-only		
morloc-nexus/parse_arg.rs::-::CONTEXTS	exec-only		
morloc-nexus/parse_arg.rs::-::STAGE_DIR	exec-only		
morloc-nexus/process.rs::-::RECOVERY_GENERATION	exec-only		
morloc-nexus/process.rs::-::RECOVERY_CONTEXT	exec-only		
morloc-nexus/process.rs::-::POOL_CHECK	exec-only		
morloc-nexus/process.rs::-::PIDS	exec-only		
morloc-nexus/process.rs::-::PGIDS	exec-only		
morloc-nexus/process.rs::-::EXIT_STATUSES	exec-only		
morloc-nexus/process.rs::-::POOL_START_TIMES	exec-only		
morloc-nexus/process.rs::-::POOL_SWEPT	exec-only		
morloc-nexus/process.rs::-::POOL_LANGS	exec-only		
morloc-nexus/process.rs::-::CLEANING_UP	exec-only		
morloc-nexus/process.rs::-::EXIT_CODE	exec-only		
morloc-nexus/process.rs::-::BROKEN_PIPE	exec-only		
morloc-nexus/process.rs::-::PANICKED	exec-only		
morloc-nexus/process.rs::-::IN_FLIGHT	exec-only		
morloc-nexus/process.rs::-::SHM_BASENAME_PREFIX	exec-only		
morloc-nexus/process.rs::-::RUN_TMPDIR	exec-only		
morloc-nexus/process.rs::-::SPAWN_TO_RECORD_DELAY_MS	test-only		
morloc-nexus/process.rs::-::NEXUS_GENERATION	startup		
morloc-nexus/runlog.rs::-::State.command	exec-only		
morloc-nexus/runlog.rs::-::State.error	exec-only		
morloc-nexus/runlog.rs::-::STATE	exec-only		
morloc-nexus/stage.rs::-::STAGE	exec-only		
morloc-nexus/stdio_server.rs::-::STDIN_SLOT	exec-only		
morloc-nexus/stdio_server.rs::-::STDOUT_SLOT	exec-only		
morloc-nexus/stdio_server.rs::-::STDERR_SLOT	exec-only		
morloc-nexus/stdio_server.rs::-::STAGE_SLOT	exec-only		
morloc-nexus/stdio_server.rs::-::STAGE_SCHEMA	exec-only		
morloc-nexus/stdio_server.rs::-::STAGE_STDOUT_BROKEN	exec-only		
morloc-nexus/stdio_server.rs::-::STDOUT_ROUTE	exec-only		
morloc-nexus/stdio_server.rs::-::NEXUS_PID	exec-only		
morloc-nexus/stdio_server.rs::-::DAEMON_MODE	exec-only		
morloc-nexus/stdio_server.rs::-::RENDER_CFG	exec-only		
morloc-nexus/stdio_server.rs::start::INIT	exec-only		
morloc-nexus/view.rs::-::STDIN_TEMP_FILES	exec-only		
morloc-nexus/view.rs::-::STDIN_ATEXIT_REGISTERED	exec-only		
morloc-runtime/fork_policy.rs::a_fork_from_a_thread_local_destructor_completes::LATE	test-only		
morloc-runtime/lib.rs::-::SHM_TEST_ARENA	test-only		
morloc-runtime/panic_ffi.rs::-::EXIT	startup		
morloc-runtime/panic_ffi.rs::-::CLASSIFIER	startup		
morloc-nexus/sigrm.rs::-::PATHS	exec-only		
morloc-runtime/stream.rs::the_nexus_connection_works_from_a_thread_local_destructor::LATE	test-only		
morloc-runtime/source_rules.rs::scan_rust::SCAN	test-only		
morloc-runtime-types/publish_once.rs::first_uses_on_many_threads_share_one_value_and_one_side_effect::CELL	test-only		
morloc-runtime-types/publish_once.rs::first_uses_on_many_threads_share_one_value_and_one_side_effect::EFFECTS	test-only		
morloc-runtime-types/publish_once.rs::a_child_forked_while_another_thread_builds_gets_a_value_at_once::CELL	test-only		
morloc-runtime/stream.rs::-::RELEASE_GAP_HOOK	test-only		
morloc-runtime/stream.rs::-::READ_GAP_HOOK	test-only		
morloc-runtime/stream.rs::-::GAP_SLOT	test-only		
morloc-runtime/stream.rs::-::AT_GAP	test-only		
morloc-runtime/stream.rs::-::RESUME	test-only		
morloc-runtime/stream.rs::-::RELEASES_SEEN	counter		
